msoa11,duration_to_central,oslaua,borough
E02000001,13,E09000001,City of London
E02000002,72,E09000002,Barking and Dagenham
E02000003,75,E09000002,Barking and Dagenham
E02000004,72,E09000002,Barking and Dagenham
E02000005,72,E09000002,Barking and Dagenham
E02000007,71,E09000002,Barking and Dagenham
E02000008,72,E09000002,Barking and Dagenham
E02000009,70,E09000002,Barking and Dagenham
E02000010,67,E09000002,Barking and Dagenham
E02000011,64,E09000002,Barking and Dagenham
E02000012,53,E09000002,Barking and Dagenham
E02000013,69,E09000002,Barking and Dagenham
E02000014,64,E09000002,Barking and Dagenham
E02000015,58,E09000002,Barking and Dagenham
E02000016,52,E09000002,Barking and Dagenham
E02000017,55,E09000002,Barking and Dagenham
E02000018,64,E09000002,Barking and Dagenham
E02000019,73,E09000002,Barking and Dagenham
E02000020,59,E09000002,Barking and Dagenham
E02000021,67,E09000002,Barking and Dagenham
E02000022,53,E09000002,Barking and Dagenham
E02000023,65,E09000002,Barking and Dagenham
E02000024,71,E09000003,Barnet
E02000025,60,E09000003,Barnet
E02000026,66,E09000003,Barnet
E02000027,70,E09000003,Barnet
E02000028,48,E09000003,Barnet
E02000029,46,E09000003,Barnet
E02000030,63,E09000003,Barnet
E02000031,62,E09000003,Barnet
E02000032,56,E09000003,Barnet
E02000033,51,E09000003,Barnet
E02000034,68,E09000003,Barnet
E02000035,60,E09000003,Barnet
E02000036,74,E09000003,Barnet
E02000037,63,E09000003,Barnet
E02000038,48,E09000003,Barnet
E02000039,62,E09000003,Barnet
E02000040,59,E09000003,Barnet
E02000041,59,E09000003,Barnet
E02000042,55,E09000003,Barnet
E02000043,53,E09000003,Barnet
E02000044,52,E09000003,Barnet
E02000045,45,E09000003,Barnet
E02000046,51,E09000003,Barnet
E02000047,58,E09000003,Barnet
E02000048,63,E09000003,Barnet
E02000049,61,E09000003,Barnet
E02000050,57,E09000003,Barnet
E02000051,53,E09000003,Barnet
E02000052,54,E09000003,Barnet
E02000053,59,E09000003,Barnet
E02000054,65,E09000003,Barnet
E02000055,49,E09000003,Barnet
E02000056,54,E09000003,Barnet
E02000057,56,E09000003,Barnet
E02000058,46,E09000003,Barnet
E02000059,59,E09000003,Barnet
E02000060,45,E09000003,Barnet
E02000061,46,E09000003,Barnet
E02000062,48,E09000003,Barnet
E02000063,44,E09000003,Barnet
E02000064,46,E09000003,Barnet
E02000065,61,E09000004,Bexley
E02000066,51,E09000004,Bexley
E02000067,55,E09000004,Bexley
E02000068,65,E09000004,Bexley
E02000069,67,E09000004,Bexley
E02000070,71,E09000004,Bexley
E02000071,77,E09000004,Bexley
E02000072,69,E09000004,Bexley
E02000073,71,E09000004,Bexley
E02000074,77,E09000004,Bexley
E02000075,74,E09000004,Bexley
E02000077,76,E09000004,Bexley
E02000078,74,E09000004,Bexley
E02000079,75,E09000004,Bexley
E02000080,65,E09000004,Bexley
E02000081,73,E09000004,Bexley
E02000082,66,E09000004,Bexley
E02000083,66,E09000004,Bexley
E02000084,76,E09000004,Bexley
E02000085,74,E09000004,Bexley
E02000086,68,E09000004,Bexley
E02000087,68,E09000004,Bexley
E02000088,68,E09000004,Bexley
E02000089,59,E09000004,Bexley
E02000090,65,E09000004,Bexley
E02000091,69,E09000004,Bexley
E02000092,65,E09000004,Bexley
E02000093,64,E09000005,Brent
E02000094,60,E09000005,Brent
E02000095,61,E09000005,Brent
E02000096,62,E09000005,Brent
E02000097,65,E09000005,Brent
E02000098,55,E09000005,Brent
E02000099,57,E09000005,Brent
E02000100,55,E09000005,Brent
E02000101,54,E09000005,Brent
E02000102,61,E09000005,Brent
E02000103,59,E09000005,Brent
E02000104,61,E09000005,Brent
E02000105,56,E09000005,Brent
E02000106,54,E09000005,Brent
E02000107,46,E09000005,Brent
E02000108,54,E09000005,Brent
E02000109,62,E09000005,Brent
E02000110,47,E09000005,Brent
E02000111,60,E09000005,Brent
E02000112,65,E09000005,Brent
E02000113,62,E09000005,Brent
E02000114,45,E09000005,Brent
E02000115,53,E09000005,Brent
E02000116,45,E09000005,Brent
E02000117,54,E09000005,Brent
E02000118,60,E09000005,Brent
E02000119,55,E09000005,Brent
E02000120,46,E09000005,Brent
E02000121,55,E09000005,Brent
E02000122,50,E09000005,Brent
E02000123,54,E09000005,Brent
E02000124,47,E09000005,Brent
E02000125,50,E09000005,Brent
E02000126,40,E09000005,Brent
E02000127,63,E09000006,Bromley
E02000128,68,E09000006,Bromley
E02000130,48,E09000006,Bromley
E02000131,57,E09000006,Bromley
E02000132,55,E09000006,Bromley
E02000133,57,E09000006,Bromley
E02000134,57,E09000006,Bromley
E02000135,64,E09000006,Bromley
E02000136,78,E09000006,Bromley
E02000137,63,E09000006,Bromley
E02000138,69,E09000006,Bromley
E02000139,64,E09000006,Bromley
E02000140,75,E09000006,Bromley
E02000141,61,E09000006,Bromley
E02000142,65,E09000006,Bromley
E02000144,58,E09000006,Bromley
E02000145,85,E09000006,Bromley
E02000146,66,E09000006,Bromley
E02000147,60,E09000006,Bromley
E02000148,53,E09000006,Bromley
E02000149,71,E09000006,Bromley
E02000150,64,E09000006,Bromley
E02000151,56,E09000006,Bromley
E02000152,74,E09000006,Bromley
E02000153,75,E09000006,Bromley
E02000154,65,E09000006,Bromley
E02000155,57,E09000006,Bromley
E02000156,72,E09000006,Bromley
E02000157,50,E09000006,Bromley
E02000158,69,E09000006,Bromley
E02000159,79,E09000006,Bromley
E02000160,68,E09000006,Bromley
E02000161,80,E09000006,Bromley
E02000162,87,E09000006,Bromley
E02000163,64,E09000006,Bromley
E02000165,91,E09000006,Bromley
E02000166,48,E09000007,Camden
E02000167,48,E09000007,Camden
E02000168,32,E09000007,Camden
E02000169,52,E09000007,Camden
E02000170,48,E09000007,Camden
E02000171,45,E09000007,Camden
E02000172,45,E09000007,Camden
E02000173,43,E09000007,Camden
E02000174,45,E09000007,Camden
E02000175,40,E09000007,Camden
E02000176,40,E09000007,Camden
E02000177,40,E09000007,Camden
E02000178,44,E09000007,Camden
E02000179,42,E09000007,Camden
E02000180,38,E09000007,Camden
E02000181,42,E09000007,Camden
E02000182,36,E09000007,Camden
E02000183,40,E09000007,Camden
E02000184,35,E09000007,Camden
E02000185,43,E09000007,Camden
E02000186,26,E09000007,Camden
E02000187,25,E09000007,Camden
E02000188,28,E09000007,Camden
E02000189,19,E09000007,Camden
E02000190,26,E09000007,Camden
E02000191,24,E09000007,Camden
E02000192,18,E09000007,Camden
E02000193,17,E09000007,Camden
E02000194,63,E09000008,Croydon
E02000195,69,E09000008,Croydon
E02000196,64,E09000008,Croydon
E02000197,59,E09000008,Croydon
E02000198,57,E09000008,Croydon
E02000199,64,E09000008,Croydon
E02000200,56,E09000008,Croydon
E02000201,51,E09000008,Croydon
E02000202,62,E09000008,Croydon
E02000203,65,E09000008,Croydon
E02000204,72,E09000008,Croydon
E02000206,56,E09000008,Croydon
E02000207,56,E09000008,Croydon
E02000208,64,E09000008,Croydon
E02000209,67,E09000008,Croydon
E02000210,59,E09000008,Croydon
E02000211,78,E09000008,Croydon
E02000212,64,E09000008,Croydon
E02000213,51,E09000008,Croydon
E02000214,61,E09000008,Croydon
E02000215,47,E09000008,Croydon
E02000216,50,E09000008,Croydon
E02000217,64,E09000008,Croydon
E02000218,73,E09000008,Croydon
E02000219,77,E09000008,Croydon
E02000220,51,E09000008,Croydon
E02000221,60,E09000008,Croydon
E02000222,55,E09000008,Croydon
E02000223,79,E09000008,Croydon
E02000224,57,E09000008,Croydon
E02000225,82,E09000008,Croydon
E02000226,62,E09000008,Croydon
E02000227,68,E09000008,Croydon
E02000228,77,E09000008,Croydon
E02000229,86,E09000008,Croydon
E02000230,53,E09000008,Croydon
E02000231,63,E09000008,Croydon
E02000232,81,E09000008,Croydon
E02000233,57,E09000008,Croydon
E02000234,67,E09000008,Croydon
E02000235,69,E09000008,Croydon
E02000236,59,E09000008,Croydon
E02000237,72,E09000008,Croydon
E02000238,72,E09000009,Ealing
E02000239,67,E09000009,Ealing
E02000240,65,E09000009,Ealing
E02000241,58,E09000009,Ealing
E02000242,57,E09000009,Ealing
E02000243,55,E09000009,Ealing
E02000244,53,E09000009,Ealing
E02000245,62,E09000009,Ealing
E02000246,72,E09000009,Ealing
E02000247,65,E09000009,Ealing
E02000248,52,E09000009,Ealing
E02000249,71,E09000009,Ealing
E02000250,59,E09000009,Ealing
E02000251,85,E09000009,Ealing
E02000252,52,E09000009,Ealing
E02000253,54,E09000009,Ealing
E02000254,62,E09000009,Ealing
E02000255,55,E09000009,Ealing
E02000256,51,E09000009,Ealing
E02000257,51,E09000009,Ealing
E02000258,48,E09000009,Ealing
E02000259,55,E09000009,Ealing
E02000260,60,E09000009,Ealing
E02000261,48,E09000009,Ealing
E02000262,57,E09000009,Ealing
E02000263,61,E09000009,Ealing
E02000264,50,E09000009,Ealing
E02000265,59,E09000009,Ealing
E02000266,59,E09000009,Ealing
E02000267,54,E09000009,Ealing
E02000268,58,E09000009,Ealing
E02000269,53,E09000009,Ealing
E02000270,49,E09000009,Ealing
E02000271,52,E09000009,Ealing
E02000272,64,E09000009,Ealing
E02000274,50,E09000009,Ealing
E02000275,63,E09000009,Ealing
E02000276,61,E09000009,Ealing
E02000277,75,E09000010,Enfield
E02000278,69,E09000010,Enfield
E02000279,66,E09000010,Enfield
E02000280,69,E09000010,Enfield
E02000281,78,E09000010,Enfield
E02000282,76,E09000010,Enfield
E02000283,63,E09000010,Enfield
E02000284,68,E09000010,Enfield
E02000285,63,E09000010,Enfield
E02000286,67,E09000010,Enfield
E02000287,57,E09000010,Enfield
E02000288,75,E09000010,Enfield
E02000289,68,E09000010,Enfield
E02000290,61,E09000010,Enfield
E02000291,59,E09000010,Enfield
E02000292,68,E09000010,Enfield
E02000293,68,E09000010,Enfield
E02000294,74,E09000010,Enfield
E02000295,63,E09000010,Enfield
E02000296,53,E09000010,Enfield
E02000297,65,E09000010,Enfield
E02000298,54,E09000010,Enfield
E02000299,72,E09000010,Enfield
E02000300,57,E09000010,Enfield
E02000301,60,E09000010,Enfield
E02000302,62,E09000010,Enfield
E02000303,62,E09000010,Enfield
E02000304,51,E09000010,Enfield
E02000305,54,E09000010,Enfield
E02000306,59,E09000010,Enfield
E02000307,67,E09000010,Enfield
E02000308,46,E09000010,Enfield
E02000309,62,E09000010,Enfield
E02000311,53,E09000010,Enfield
E02000312,53,E09000010,Enfield
E02000313,64,E09000011,Greenwich
E02000314,63,E09000011,Greenwich
E02000315,55,E09000011,Greenwich
E02000316,63,E09000011,Greenwich
E02000317,59,E09000011,Greenwich
E02000318,58,E09000011,Greenwich
E02000319,58,E09000011,Greenwich
E02000320,52,E09000011,Greenwich
E02000321,59,E09000011,Greenwich
E02000323,60,E09000011,Greenwich
E02000324,51,E09000011,Greenwich
E02000326,51,E09000011,Greenwich
E02000327,58,E09000011,Greenwich
E02000328,52,E09000011,Greenwich
E02000329,70,E09000011,Greenwich
E02000331,72,E09000011,Greenwich
E02000332,63,E09000011,Greenwich
E02000333,55,E09000011,Greenwich
E02000334,78,E09000011,Greenwich
E02000335,70,E09000011,Greenwich
E02000337,62,E09000011,Greenwich
E02000339,62,E09000011,Greenwich
E02000341,64,E09000011,Greenwich
E02000342,62,E09000011,Greenwich
E02000343,58,E09000011,Greenwich
E02000344,64,E09000011,Greenwich
E02000345,45,E09000012,Hackney
E02000346,36,E09000012,Hackney
E02000347,47,E09000012,Hackney
E02000348,55,E09000012,Hackney
E02000350,53,E09000012,Hackney
E02000351,42,E09000012,Hackney
E02000352,46,E09000012,Hackney
E02000353,50,E09000012,Hackney
E02000354,55,E09000012,Hackney
E02000355,58,E09000012,Hackney
E02000356,45,E09000012,Hackney
E02000357,55,E09000012,Hackney
E02000358,44,E09000012,Hackney
E02000359,63,E09000012,Hackney
E02000360,51,E09000012,Hackney
E02000361,51,E09000012,Hackney
E02000362,52,E09000012,Hackney
E02000363,51,E09000012,Hackney
E02000364,42,E09000012,Hackney
E02000365,43,E09000012,Hackney
E02000366,49,E09000012,Hackney
E02000367,40,E09000012,Hackney
E02000368,42,E09000012,Hackney
E02000369,38,E09000012,Hackney
E02000370,41,E09000012,Hackney
E02000371,38,E09000012,Hackney
E02000372,36,E09000013,Hammersmith and Fulham
E02000373,49,E09000013,Hammersmith and Fulham
E02000374,48,E09000013,Hammersmith and Fulham
E02000375,38,E09000013,Hammersmith and Fulham
E02000376,43,E09000013,Hammersmith and Fulham
E02000377,47,E09000013,Hammersmith and Fulham
E02000378,40,E09000013,Hammersmith and Fulham
E02000379,46,E09000013,Hammersmith and Fulham
E02000380,45,E09000013,Hammersmith and Fulham
E02000381,44,E09000013,Hammersmith and Fulham
E02000382,43,E09000013,Hammersmith and Fulham
E02000383,45,E09000013,Hammersmith and Fulham
E02000384,45,E09000013,Hammersmith and Fulham
E02000385,37,E09000013,Hammersmith and Fulham
E02000386,38,E09000013,Hammersmith and Fulham
E02000387,43,E09000013,Hammersmith and Fulham
E02000388,43,E09000013,Hammersmith and Fulham
E02000389,58,E09000013,Hammersmith and Fulham
E02000390,51,E09000013,Hammersmith and Fulham
E02000391,41,E09000013,Hammersmith and Fulham
E02000392,42,E09000013,Hammersmith and Fulham
E02000393,50,E09000013,Hammersmith and Fulham
E02000394,47,E09000013,Hammersmith and Fulham
E02000395,48,E09000013,Hammersmith and Fulham
E02000396,48,E09000013,Hammersmith and Fulham
E02000397,48,E09000014,Haringey
E02000398,58,E09000014,Haringey
E02000400,46,E09000014,Haringey
E02000401,51,E09000014,Haringey
E02000402,51,E09000014,Haringey
E02000403,42,E09000014,Haringey
E02000404,50,E09000014,Haringey
E02000405,55,E09000014,Haringey
E02000406,46,E09000014,Haringey
E02000407,47,E09000014,Haringey
E02000408,48,E09000014,Haringey
E02000409,50,E09000014,Haringey
E02000410,56,E09000014,Haringey
E02000411,46,E09000014,Haringey
E02000412,40,E09000014,Haringey
E02000413,50,E09000014,Haringey
E02000414,53,E09000014,Haringey
E02000415,45,E09000014,Haringey
E02000416,49,E09000014,Haringey
E02000417,51,E09000014,Haringey
E02000418,53,E09000014,Haringey
E02000419,41,E09000014,Haringey
E02000420,45,E09000014,Haringey
E02000421,37,E09000014,Haringey
E02000422,49,E09000014,Haringey
E02000423,43,E09000014,Haringey
E02000424,49,E09000014,Haringey
E02000425,44,E09000014,Haringey
E02000426,49,E09000014,Haringey
E02000427,48,E09000014,Haringey
E02000428,45,E09000014,Haringey
E02000429,51,E09000014,Haringey
E02000430,46,E09000014,Haringey
E02000431,45,E09000014,Haringey
E02000432,43,E09000014,Haringey
E02000433,72,E09000015,Harrow
E02000434,68,E09000015,Harrow
E02000435,70,E09000015,Harrow
E02000436,68,E09000015,Harrow
E02000437,65,E09000015,Harrow
E02000438,70,E09000015,Harrow
E02000439,69,E09000015,Harrow
E02000440,67,E09000015,Harrow
E02000441,66,E09000015,Harrow
E02000442,63,E09000015,Harrow
E02000443,59,E09000015,Harrow
E02000444,62,E09000015,Harrow
E02000445,51,E09000015,Harrow
E02000447,64,E09000015,Harrow
E02000448,80,E09000015,Harrow
E02000449,61,E09000015,Harrow
E02000451,57,E09000015,Harrow
E02000452,59,E09000015,Harrow
E02000453,66,E09000015,Harrow
E02000454,67,E09000015,Harrow
E02000455,52,E09000015,Harrow
E02000456,65,E09000015,Harrow
E02000457,67,E09000015,Harrow
E02000459,71,E09000015,Harrow
E02000460,72,E09000015,Harrow
E02000461,59,E09000015,Harrow
E02000462,71,E09000015,Harrow
E02000463,72,E09000015,Harrow
E02000464,90,E09000016,Havering
E02000465,75,E09000016,Havering
E02000466,85,E09000016,Havering
E02000467,78,E09000016,Havering
E02000468,89,E09000016,Havering
E02000469,89,E09000016,Havering
E02000470,79,E09000016,Havering
E02000471,84,E09000016,Havering
E02000472,77,E09000016,Havering
E02000473,78,E09000016,Havering
E02000474,74,E09000016,Havering
E02000475,66,E09000016,Havering
E02000476,62,E09000016,Havering
E02000477,71,E09000016,Havering
E02000478,77,E09000016,Havering
E02000479,76,E09000016,Havering
E02000480,72,E09000016,Havering
E02000481,77,E09000016,Havering
E02000482,71,E09000016,Havering
E02000483,74,E09000016,Havering
E02000484,78,E09000016,Havering
E02000485,72,E09000016,Havering
E02000486,65,E09000016,Havering
E02000487,78,E09000016,Havering
E02000488,65,E09000016,Havering
E02000489,69,E09000016,Havering
E02000490,68,E09000016,Havering
E02000491,77,E09000016,Havering
E02000492,94,E09000016,Havering
E02000493,71,E09000016,Havering
E02000494,69,E09000017,Hillingdon
E02000495,69,E09000017,Hillingdon
E02000496,103,E09000017,Hillingdon
E02000497,70,E09000017,Hillingdon
E02000498,82,E09000017,Hillingdon
E02000499,61,E09000017,Hillingdon
E02000500,73,E09000017,Hillingdon
E02000501,70,E09000017,Hillingdon
E02000502,69,E09000017,Hillingdon
E02000503,65,E09000017,Hillingdon
E02000504,61,E09000017,Hillingdon
E02000506,72,E09000017,Hillingdon
E02000507,73,E09000017,Hillingdon
E02000508,85,E09000017,Hillingdon
E02000509,92,E09000017,Hillingdon
E02000510,86,E09000017,Hillingdon
E02000511,78,E09000017,Hillingdon
E02000512,96,E09000017,Hillingdon
E02000513,73,E09000017,Hillingdon
E02000514,72,E09000017,Hillingdon
E02000515,62,E09000017,Hillingdon
E02000516,75,E09000017,Hillingdon
E02000517,81,E09000017,Hillingdon
E02000518,74,E09000017,Hillingdon
E02000519,66,E09000017,Hillingdon
E02000520,69,E09000017,Hillingdon
E02000521,74,E09000017,Hillingdon
E02000522,74,E09000017,Hillingdon
E02000523,65,E09000017,Hillingdon
E02000524,70,E09000017,Hillingdon
E02000525,73,E09000017,Hillingdon
E02000526,50,E09000018,Hounslow
E02000528,52,E09000018,Hounslow
E02000529,73,E09000018,Hounslow
E02000530,91,E09000018,Hounslow
E02000531,63,E09000018,Hounslow
E02000532,56,E09000018,Hounslow
E02000533,55,E09000018,Hounslow
E02000534,63,E09000018,Hounslow
E02000535,78,E09000018,Hounslow
E02000536,72,E09000018,Hounslow
E02000537,61,E09000018,Hounslow
E02000538,73,E09000018,Hounslow
E02000539,68,E09000018,Hounslow
E02000540,69,E09000018,Hounslow
E02000541,80,E09000018,Hounslow
E02000542,65,E09000018,Hounslow
E02000543,67,E09000018,Hounslow
E02000544,65,E09000018,Hounslow
E02000545,72,E09000018,Hounslow
E02000546,72,E09000018,Hounslow
E02000547,67,E09000018,Hounslow
E02000548,77,E09000018,Hounslow
E02000549,62,E09000018,Hounslow
E02000550,66,E09000018,Hounslow
E02000551,68,E09000018,Hounslow
E02000552,65,E09000018,Hounslow
E02000553,79,E09000018,Hounslow
E02000554,44,E09000019,Islington
E02000555,46,E09000019,Islington
E02000556,46,E09000019,Islington
E02000557,40,E09000019,Islington
E02000558,31,E09000019,Islington
E02000559,39,E09000019,Islington
E02000560,39,E09000019,Islington
E02000561,40,E09000019,Islington
E02000562,42,E09000019,Islington
E02000563,42,E09000019,Islington
E02000564,34,E09000019,Islington
E02000565,40,E09000019,Islington
E02000566,35,E09000019,Islington
E02000567,38,E09000019,Islington
E02000568,33,E09000019,Islington
E02000569,33,E09000019,Islington
E02000570,34,E09000019,Islington
E02000571,37,E09000019,Islington
E02000572,32,E09000019,Islington
E02000573,33,E09000019,Islington
E02000574,26,E09000019,Islington
E02000576,29,E09000019,Islington
E02000577,46,E09000020,Kensington and Chelsea
E02000578,53,E09000020,Kensington and Chelsea
E02000579,51,E09000020,Kensington and Chelsea
E02000580,44,E09000020,Kensington and Chelsea
E02000581,40,E09000020,Kensington and Chelsea
E02000582,36,E09000020,Kensington and Chelsea
E02000583,43,E09000020,Kensington and Chelsea
E02000584,39,E09000020,Kensington and Chelsea
E02000585,39,E09000020,Kensington and Chelsea
E02000586,34,E09000020,Kensington and Chelsea
E02000587,32,E09000020,Kensington and Chelsea
E02000588,36,E09000020,Kensington and Chelsea
E02000589,33,E09000020,Kensington and Chelsea
E02000590,32,E09000020,Kensington and Chelsea
E02000591,44,E09000020,Kensington and Chelsea
E02000592,33,E09000020,Kensington and Chelsea
E02000593,36,E09000020,Kensington and Chelsea
E02000594,40,E09000020,Kensington and Chelsea
E02000595,42,E09000020,Kensington and Chelsea
E02000596,39,E09000020,Kensington and Chelsea
E02000597,42,E09000020,Kensington and Chelsea
E02000598,58,E09000021,Kingston upon Thames
E02000599,78,E09000021,Kingston upon Thames
E02000600,58,E09000021,Kingston upon Thames
E02000601,61,E09000021,Kingston upon Thames
E02000602,57,E09000021,Kingston upon Thames
E02000603,62,E09000021,Kingston upon Thames
E02000604,56,E09000021,Kingston upon Thames
E02000605,60,E09000021,Kingston upon Thames
E02000606,49,E09000021,Kingston upon Thames
E02000607,51,E09000021,Kingston upon Thames
E02000608,39,E09000021,Kingston upon Thames
E02000609,67,E09000021,Kingston upon Thames
E02000610,49,E09000021,Kingston upon Thames
E02000611,59,E09000021,Kingston upon Thames
E02000612,63,E09000021,Kingston upon Thames
E02000613,58,E09000021,Kingston upon Thames
E02000614,57,E09000021,Kingston upon Thames
E02000615,74,E09000021,Kingston upon Thames
E02000616,66,E09000021,Kingston upon Thames
E02000617,74,E09000021,Kingston upon Thames
E02000619,26,E09000022,Lambeth
E02000620,30,E09000022,Lambeth
E02000621,30,E09000022,Lambeth
E02000622,44,E09000022,Lambeth
E02000624,35,E09000022,Lambeth
E02000625,36,E09000022,Lambeth
E02000626,35,E09000022,Lambeth
E02000627,38,E09000022,Lambeth
E02000628,37,E09000022,Lambeth
E02000629,43,E09000022,Lambeth
E02000630,45,E09000022,Lambeth
E02000631,31,E09000022,Lambeth
E02000632,44,E09000022,Lambeth
E02000633,39,E09000022,Lambeth
E02000634,36,E09000022,Lambeth
E02000635,41,E09000022,Lambeth
E02000636,47,E09000022,Lambeth
E02000637,46,E09000022,Lambeth
E02000638,46,E09000022,Lambeth
E02000639,50,E09000022,Lambeth
E02000640,49,E09000022,Lambeth
E02000641,44,E09000022,Lambeth
E02000642,45,E09000022,Lambeth
E02000643,49,E09000022,Lambeth
E02000644,54,E09000022,Lambeth
E02000645,50,E09000022,Lambeth
E02000646,58,E09000022,Lambeth
E02000647,55,E09000022,Lambeth
E02000648,51,E09000022,Lambeth
E02000649,41,E09000022,Lambeth
E02000650,56,E09000022,Lambeth
E02000651,53,E09000022,Lambeth
E02000652,62,E09000022,Lambeth
E02000653,44,E09000023,Lewisham
E02000654,44,E09000023,Lewisham
E02000655,43,E09000023,Lewisham
E02000657,41,E09000023,Lewisham
E02000658,43,E09000023,Lewisham
E02000659,52,E09000023,Lewisham
E02000660,46,E09000023,Lewisham
E02000661,48,E09000023,Lewisham
E02000662,46,E09000023,Lewisham
E02000663,48,E09000023,Lewisham
E02000664,45,E09000023,Lewisham
E02000665,47,E09000023,Lewisham
E02000666,50,E09000023,Lewisham
E02000667,49,E09000023,Lewisham
E02000668,47,E09000023,Lewisham
E02000669,45,E09000023,Lewisham
E02000670,52,E09000023,Lewisham
E02000671,49,E09000023,Lewisham
E02000672,46,E09000023,Lewisham
E02000673,46,E09000023,Lewisham
E02000674,54,E09000023,Lewisham
E02000675,48,E09000023,Lewisham
E02000676,53,E09000023,Lewisham
E02000677,46,E09000023,Lewisham
E02000678,62,E09000023,Lewisham
E02000679,65,E09000023,Lewisham
E02000680,55,E09000023,Lewisham
E02000681,54,E09000023,Lewisham
E02000682,52,E09000023,Lewisham
E02000683,62,E09000023,Lewisham
E02000685,53,E09000023,Lewisham
E02000686,50,E09000023,Lewisham
E02000687,63,E09000023,Lewisham
E02000689,54,E09000024,Merton
E02000690,58,E09000024,Merton
E02000691,48,E09000024,Merton
E02000692,51,E09000024,Merton
E02000693,50,E09000024,Merton
E02000694,50,E09000024,Merton
E02000695,63,E09000024,Merton
E02000696,53,E09000024,Merton
E02000697,51,E09000024,Merton
E02000698,58,E09000024,Merton
E02000699,50,E09000024,Merton
E02000700,60,E09000024,Merton
E02000701,61,E09000024,Merton
E02000702,63,E09000024,Merton
E02000703,59,E09000024,Merton
E02000704,52,E09000024,Merton
E02000705,64,E09000024,Merton
E02000706,63,E09000024,Merton
E02000707,65,E09000024,Merton
E02000708,51,E09000024,Merton
E02000709,60,E09000024,Merton
E02000710,58,E09000024,Merton
E02000711,57,E09000024,Merton
E02000712,60,E09000024,Merton
E02000713,61,E09000024,Merton
E02000714,45,E09000025,Newham
E02000715,62,E09000025,Newham
E02000716,51,E09000025,Newham
E02000717,52,E09000025,Newham
E02000718,55,E09000025,Newham
E02000719,50,E09000025,Newham
E02000720,50,E09000025,Newham
E02000721,44,E09000025,Newham
E02000722,47,E09000025,Newham
E02000723,45,E09000025,Newham
E02000724,55,E09000025,Newham
E02000725,46,E09000025,Newham
E02000726,33,E09000025,Newham
E02000727,48,E09000025,Newham
E02000728,55,E09000025,Newham
E02000729,49,E09000025,Newham
E02000730,46,E09000025,Newham
E02000731,46,E09000025,Newham
E02000732,44,E09000025,Newham
E02000733,46,E09000025,Newham
E02000734,40,E09000025,Newham
E02000735,47,E09000025,Newham
E02000737,59,E09000025,Newham
E02000738,52,E09000025,Newham
E02000739,46,E09000025,Newham
E02000740,47,E09000025,Newham
E02000741,48,E09000025,Newham
E02000742,60,E09000025,Newham
E02000743,44,E09000025,Newham
E02000744,47,E09000025,Newham
E02000745,62,E09000025,Newham
E02000746,60,E09000025,Newham
E02000747,43,E09000025,Newham
E02000748,54,E09000025,Newham
E02000749,40,E09000025,Newham
E02000750,46,E09000025,Newham
E02000751,49,E09000026,Redbridge
E02000752,72,E09000026,Redbridge
E02000753,73,E09000026,Redbridge
E02000754,58,E09000026,Redbridge
E02000755,61,E09000026,Redbridge
E02000756,72,E09000026,Redbridge
E02000757,55,E09000026,Redbridge
E02000758,77,E09000026,Redbridge
E02000759,65,E09000026,Redbridge
E02000760,71,E09000026,Redbridge
E02000762,60,E09000026,Redbridge
E02000763,59,E09000026,Redbridge
E02000764,60,E09000026,Redbridge
E02000765,55,E09000026,Redbridge
E02000767,57,E09000026,Redbridge
E02000768,52,E09000026,Redbridge
E02000770,62,E09000026,Redbridge
E02000772,62,E09000026,Redbridge
E02000773,65,E09000026,Redbridge
E02000774,56,E09000026,Redbridge
E02000776,50,E09000026,Redbridge
E02000777,55,E09000026,Redbridge
E02000779,50,E09000026,Redbridge
E02000780,66,E09000026,Redbridge
E02000781,66,E09000026,Redbridge
E02000782,55,E09000026,Redbridge
E02000783,53,E09000026,Redbridge
E02000784,62,E09000027,Richmond upon Thames
E02000785,44,E09000027,Richmond upon Thames
E02000786,55,E09000027,Richmond upon Thames
E02000787,44,E09000027,Richmond upon Thames
E02000788,53,E09000027,Richmond upon Thames
E02000789,59,E09000027,Richmond upon Thames
E02000790,51,E09000027,Richmond upon Thames
E02000791,55,E09000027,Richmond upon Thames
E02000792,50,E09000027,Richmond upon Thames
E02000793,75,E09000027,Richmond upon Thames
E02000794,47,E09000027,Richmond upon Thames
E02000795,77,E09000027,Richmond upon Thames
E02000796,65,E09000027,Richmond upon Thames
E02000797,51,E09000027,Richmond upon Thames
E02000798,72,E09000027,Richmond upon Thames
E02000799,56,E09000027,Richmond upon Thames
E02000800,76,E09000027,Richmond upon Thames
E02000801,77,E09000027,Richmond upon Thames
E02000802,57,E09000027,Richmond upon Thames
E02000803,86,E09000027,Richmond upon Thames
E02000804,63,E09000027,Richmond upon Thames
E02000805,64,E09000027,Richmond upon Thames
E02000806,60,E09000027,Richmond upon Thames
E02000807,36,E09000028,Southwark
E02000808,20,E09000028,Southwark
E02000809,30,E09000028,Southwark
E02000810,32,E09000028,Southwark
E02000812,32,E09000028,Southwark
E02000813,32,E09000028,Southwark
E02000814,37,E09000028,Southwark
E02000815,30,E09000028,Southwark
E02000816,42,E09000028,Southwark
E02000817,44,E09000028,Southwark
E02000818,32,E09000028,Southwark
E02000819,31,E09000028,Southwark
E02000820,30,E09000028,Southwark
E02000821,32,E09000028,Southwark
E02000822,32,E09000028,Southwark
E02000823,32,E09000028,Southwark
E02000824,39,E09000028,Southwark
E02000825,45,E09000028,Southwark
E02000826,50,E09000028,Southwark
E02000827,33,E09000028,Southwark
E02000828,45,E09000028,Southwark
E02000829,41,E09000028,Southwark
E02000830,44,E09000028,Southwark
E02000831,38,E09000028,Southwark
E02000832,47,E09000028,Southwark
E02000833,47,E09000028,Southwark
E02000834,48,E09000028,Southwark
E02000835,55,E09000028,Southwark
E02000836,59,E09000028,Southwark
E02000837,50,E09000028,Southwark
E02000838,60,E09000028,Southwark
E02000839,55,E09000028,Southwark
E02000840,64,E09000029,Sutton
E02000841,72,E09000029,Sutton
E02000842,64,E09000029,Sutton
E02000843,59,E09000029,Sutton
E02000844,68,E09000029,Sutton
E02000845,77,E09000029,Sutton
E02000846,69,E09000029,Sutton
E02000847,83,E09000029,Sutton
E02000848,68,E09000029,Sutton
E02000849,65,E09000029,Sutton
E02000851,67,E09000029,Sutton
E02000852,74,E09000029,Sutton
E02000853,70,E09000029,Sutton
E02000854,59,E09000029,Sutton
E02000855,70,E09000029,Sutton
E02000856,64,E09000029,Sutton
E02000857,61,E09000029,Sutton
E02000858,75,E09000029,Sutton
E02000859,65,E09000029,Sutton
E02000860,67,E09000029,Sutton
E02000861,68,E09000029,Sutton
E02000863,72,E09000029,Sutton
E02000864,44,E09000030,Tower Hamlets
E02000865,35,E09000030,Tower Hamlets
E02000866,38,E09000030,Tower Hamlets
E02000867,42,E09000030,Tower Hamlets
E02000868,40,E09000030,Tower Hamlets
E02000869,40,E09000030,Tower Hamlets
E02000870,35,E09000030,Tower Hamlets
E02000871,39,E09000030,Tower Hamlets
E02000872,31,E09000030,Tower Hamlets
E02000873,33,E09000030,Tower Hamlets
E02000874,34,E09000030,Tower Hamlets
E02000875,46,E09000030,Tower Hamlets
E02000876,36,E09000030,Tower Hamlets
E02000877,34,E09000030,Tower Hamlets
E02000878,30,E09000030,Tower Hamlets
E02000879,38,E09000030,Tower Hamlets
E02000880,34,E09000030,Tower Hamlets
E02000881,40,E09000030,Tower Hamlets
E02000882,37,E09000030,Tower Hamlets
E02000883,48,E09000030,Tower Hamlets
E02000884,31,E09000030,Tower Hamlets
E02000885,36,E09000030,Tower Hamlets
E02000886,37,E09000030,Tower Hamlets
E02000887,39,E09000030,Tower Hamlets
E02000888,30,E09000030,Tower Hamlets
E02000889,35,E09000030,Tower Hamlets
E02000890,39,E09000030,Tower Hamlets
E02000891,44,E09000030,Tower Hamlets
E02000893,50,E09000030,Tower Hamlets
E02000894,51,E09000030,Tower Hamlets
E02000895,76,E09000031,Waltham Forest
E02000896,75,E09000031,Waltham Forest
E02000897,65,E09000031,Waltham Forest
E02000898,76,E09000031,Waltham Forest
E02000899,74,E09000031,Waltham Forest
E02000900,70,E09000031,Waltham Forest
E02000901,62,E09000031,Waltham Forest
E02000902,57,E09000031,Waltham Forest
E02000903,58,E09000031,Waltham Forest
E02000904,68,E09000031,Waltham Forest
E02000905,57,E09000031,Waltham Forest
E02000906,54,E09000031,Waltham Forest
E02000907,52,E09000031,Waltham Forest
E02000908,44,E09000031,Waltham Forest
E02000909,51,E09000031,Waltham Forest
E02000910,48,E09000031,Waltham Forest
E02000911,51,E09000031,Waltham Forest
E02000912,60,E09000031,Waltham Forest
E02000913,53,E09000031,Waltham Forest
E02000914,44,E09000031,Waltham Forest
E02000915,45,E09000031,Waltham Forest
E02000916,57,E09000031,Waltham Forest
E02000917,46,E09000031,Waltham Forest
E02000918,45,E09000031,Waltham Forest
E02000919,47,E09000031,Waltham Forest
E02000920,51,E09000031,Waltham Forest
E02000921,47,E09000031,Waltham Forest
E02000922,51,E09000031,Waltham Forest
E02000923,40,E09000032,Wandsworth
E02000924,40,E09000032,Wandsworth
E02000925,39,E09000032,Wandsworth
E02000926,48,E09000032,Wandsworth
E02000927,45,E09000032,Wandsworth
E02000928,52,E09000032,Wandsworth
E02000929,36,E09000032,Wandsworth
E02000930,42,E09000032,Wandsworth
E02000931,45,E09000032,Wandsworth
E02000932,46,E09000032,Wandsworth
E02000933,39,E09000032,Wandsworth
E02000934,37,E09000032,Wandsworth
E02000935,60,E09000032,Wandsworth
E02000936,53,E09000032,Wandsworth
E02000937,46,E09000032,Wandsworth
E02000938,54,E09000032,Wandsworth
E02000939,46,E09000032,Wandsworth
E02000940,47,E09000032,Wandsworth
E02000942,50,E09000032,Wandsworth
E02000943,45,E09000032,Wandsworth
E02000944,58,E09000032,Wandsworth
E02000945,61,E09000032,Wandsworth
E02000946,43,E09000032,Wandsworth
E02000947,52,E09000032,Wandsworth
E02000948,44,E09000032,Wandsworth
E02000949,49,E09000032,Wandsworth
E02000950,55,E09000032,Wandsworth
E02000951,48,E09000032,Wandsworth
E02000952,49,E09000032,Wandsworth
E02000953,48,E09000032,Wandsworth
E02000954,53,E09000032,Wandsworth
E02000955,52,E09000032,Wandsworth
E02000956,50,E09000032,Wandsworth
E02000957,49,E09000032,Wandsworth
E02000958,56,E09000032,Wandsworth
E02000959,60,E09000032,Wandsworth
E02000960,38,E09000033,Westminster
E02000961,46,E09000033,Westminster
E02000962,42,E09000033,Westminster
E02000963,44,E09000033,Westminster
E02000964,49,E09000033,Westminster
E02000965,42,E09000033,Westminster
E02000966,39,E09000033,Westminster
E02000967,30,E09000033,Westminster
E02000968,40,E09000033,Westminster
E02000969,52,E09000033,Westminster
E02000970,27,E09000033,Westminster
E02000971,29,E09000033,Westminster
E02000972,21,E09000033,Westminster
E02000973,44,E09000033,Westminster
E02000974,28,E09000033,Westminster
E02000975,27,E09000033,Westminster
E02000976,40,E09000033,Westminster
E02000977,17,E09000033,Westminster
E02000978,37,E09000033,Westminster
E02000979,20,E09000033,Westminster
E02000980,22,E09000033,Westminster
E02000981,31,E09000033,Westminster
E02000982,32,E09000033,Westminster
E02000983,27,E09000033,Westminster
E02006782,59,E09000006,Bromley
E02006783,63,E09000023,Lewisham
E02006784,64,E09000023,Lewisham
E02006785,71,E09000004,Bexley
E02006786,63,E09000011,Greenwich
E02006788,66,E09000008,Croydon
E02006789,90,E09000006,Bromley
E02006791,59,E09000009,Ealing
E02006792,55,E09000018,Hounslow
E02006793,59,E09000010,Enfield
E02006794,58,E09000014,Haringey
E02006795,66,E09000015,Harrow
E02006796,72,E09000017,Hillingdon
E02006798,50,E09000023,Lewisham
E02006799,64,E09000002,Barking and Dagenham
E02006800,51,E09000026,Redbridge
E02006801,16,E09000022,Lambeth
E02006802,23,E09000028,Southwark
E02006836,69,E09000029,Sutton
E02006853,40,E09000030,Tower Hamlets
E02006854,33,E09000030,Tower Hamlets
E02006882,58,E09000015,Harrow
E02006918,46,E09000012,Hackney
E02006921,48,E09000012,Hackney
E02006924,54,E09000026,Redbridge
E02006925,62,E09000026,Redbridge
E02006927,51,E09000011,Greenwich
E02006928,45,E09000011,Greenwich
E02006929,46,E09000011,Greenwich
E02006930,47,E09000011,Greenwich
E02006931,46,E09000011,Greenwich
E02000340,70,E09000011,Greenwich
E02000575,20,E09000019,Islington
E02000623,36,E09000022,Lambeth
E02000736,55,E09000025,Newham
E02000769,69,E09000026,Redbridge
E02000850,70,E09000029,Sutton
E02000941,48,E09000032,Wandsworth
E02006787,62,E09000006,Bromley
